,url,num_words,is_political,num_links,title,small_title
0,https://www.bbc.com/news,985,True,259,Home - BBC News,Home - BBC News
1,https://www.bbc.com/news/coronavirus,1720,True,330,Coronavirus - BBC News,Coronavirus - BBC News
2,https://www.bbc.com/news/av/10462520,271,False,100,One-minute World News - BBC News,One-minute World News - BBC News
3,https://www.bbc.com/news/world,1806,True,358,World - BBC News,World - BBC News
4,https://www.bbc.com/news/business,2658,True,331,Business - BBC News,Business - BBC News
5,https://www.bbc.com/news/technology,1865,True,328,Technology - BBC News,Technology - BBC News
6,https://www.bbc.com/news/science_and_environment,1934,True,328,Science & Environment - BBC News,Science & Environment - BBC News
7,https://www.bbc.com/news/stories,788,True,212,Stories - BBC News,Stories - BBC News
8,https://www.bbc.com/news/entertainment_and_arts,1780,True,324,Entertainment & Arts - BBC News,Entertainment & Arts - BBC News
9,https://www.bbc.com/news/health,1719,True,314,Health - BBC News,Health - BBC News
10,https://www.bbc.com/news/world_radio_and_tv,439,True,201,BBC World News: 24 hour news TV channel - BBC News,BBC World News: 24 hour news TV channel - BBC News
11,https://www.bbc.com/news/in_pictures,1617,True,327,In Pictures - BBC News,In Pictures - BBC News
12,https://www.bbc.com/news/reality_check,2448,True,296,Reality Check - BBC News,Reality Check - BBC News
13,https://www.bbc.com/news/newsbeat,282,True,178,Newsbeat - BBC News,Newsbeat - BBC News
14,https://www.bbc.com/news/the_reporters,1831,True,312,Long Reads - BBC News,Long Reads - BBC News
15,https://www.bbc.com/news/have_your_say,1967,True,322,Your Coronavirus Stories - BBC News,Your Coronavirus Stories - BBC News
16,https://www.bbc.com/news/world/africa,4012,True,321,Africa - BBC News,Africa - BBC News
17,https://www.bbc.com/news/world/asia,1697,True,340,Asia - BBC News,Asia - BBC News
18,https://www.bbc.com/news/world/australia,1862,True,335,Australia - BBC News,Australia - BBC News
19,https://www.bbc.com/news/world/europe,1749,True,345,Europe - BBC News,Europe - BBC News
20,https://www.bbc.com/news/world/latin_america,1830,True,351,Latin America & Caribbean - BBC News,Latin America & Caribbean - BBC News
21,https://www.bbc.com/news/world/middle_east,2244,True,342,Middle East - BBC News,Middle East - BBC News
22,https://www.bbc.com/news/world/us_and_canada,1929,True,354,US & Canada - BBC News,US & Canada - BBC News
23,https://www.bbc.com/news/england,1782,True,345,England - BBC News,England - BBC News
24,https://www.bbc.com/news/northern_ireland,1991,True,357,Northern Ireland - BBC News,Northern Ireland - BBC News
25,https://www.bbc.com/news/scotland,1994,True,366,Scotland - BBC News,Scotland - BBC News
26,https://www.bbc.com/news/wales,1919,True,374,Wales - BBC News,Wales - BBC News
27,https://www.bbc.com/news/politics,1802,True,346,UK Politics - BBC News,UK Politics - BBC News
28,https://www.bbc.com/news/localnews,163,True,174,Local News - BBC News,Local News - BBC News
29,https://www.bbc.com/news/business/market-data,589,True,221,Market Data - BBC News,Market Data - BBC News
30,https://www.bbc.com/news/business-45489065,1869,True,360,New Economy - BBC News,New Economy - BBC News
31,https://www.bbc.com/news/business-15521824,1964,True,359,New Tech Economy - BBC News,New Tech Economy - BBC News
32,https://www.bbc.com/news/business/companies,1855,True,361,Companies - BBC News,Companies - BBC News
33,https://www.bbc.com/news/business-22434141,2093,True,340,Entrepreneurship - BBC News,Entrepreneurship - BBC News
34,https://www.bbc.com/news/business-11428889,1812,True,348,Technology of Business - BBC News,Technology of Business - BBC News
35,https://www.bbc.com/news/business-12686570,1291,True,296,Global education - BBC News,Global education - BBC News
36,https://www.bbc.com/news/business/economy,1827,True,365,Economy - BBC News,Economy - BBC News
37,https://www.bbc.com/news/business/global_car_industry,1889,True,366,Global Car Industry - BBC News,Global Car Industry - BBC News
38,https://www.bbc.com/news/business/business_of_sport,2097,True,337,Business of Sport - BBC News,Business of Sport - BBC News
39,https://www.bbc.com/news/world-asia-india-56881083,1356,True,128,Covid: Countries send aid to ease India's oxygen emergency - BBC News,Covid: Countries send aid to ease India's oxygen e
40,https://www.bbc.com/news/world/asia/india,2024,True,334,India - BBC News,India - BBC News
41,https://www.bbc.com/news/56876695,1507,True,125,India Covid: Patients dying without oxygen amid Delhi surge - BBC News,India Covid: Patients dying without oxygen amid De
42,https://www.bbc.com/news/world-asia-india-56864789,488,False,128,India Covid crisis: Inside the Delhi hospital running low on beds and oxygen - BBC News,India Covid crisis: Inside the Delhi hospital runn
43,https://www.bbc.com/news/world-asia-india-56855712,402,False,82,Deaths climb as India reels from deadly Covid wave - BBC News,Deaths climb as India reels from deadly Covid wave
44,https://www.bbc.com/news/world-middle-east-56875804,728,True,114,Iraq Covid hospital fire: 82 dead after 'oxygen tank explodes' - BBC News,Iraq Covid hospital fire: 82 dead after 'oxygen ta
45,https://www.bbc.com/news/world-asia-56877634,581,False,107,Menstrual leave: South Korea airline ex-CEO fined for refusing time off - BBC News,Menstrual leave: South Korea airline ex-CEO fined 
46,https://www.bbc.com/news/world-us-canada-56859336,386,False,120,Oscars 2021: The railway station now a hosting venue - BBC News,Oscars 2021: The railway station now a hosting ven
47,https://www.bbc.com/news/world-asia-56879933,689,True,107,Indonesian navy submarine found split into three on sea bed - BBC News,Indonesian navy submarine found split into three o
48,https://www.bbc.com/news/world-europe-56878417,419,False,118,Man jumps through car window to stop dangerous driver in Albania - BBC News,Man jumps through car window to stop dangerous dri
49,https://www.bbc.com/news/world-africa-56879935,692,True,112,Somalia violence: Rival units fight amid row over president's term - BBC News,Somalia violence: Rival units fight amid row over 
50,https://www.bbc.com/news/entertainment-arts-56878507,694,False,107,Alber Elbaz: Fashion designer dies in Paris aged 59 - BBC News,Alber Elbaz: Fashion designer dies in Paris aged 5
51,https://www.bbc.com/news/entertainment-arts-56807445,1413,False,105,Oscars 2021: Stars prepare for in-person ceremony - BBC News,Oscars 2021: Stars prepare for in-person ceremony 
52,https://www.bbc.com/news/world-europe-56875801,760,False,111,Deep Time study: French volunteers leave cave after 40 days in isolation - BBC News,Deep Time study: French volunteers leave cave afte
53,https://www.bbc.com/news/world-us-canada-56874811,904,True,116,Biden says Armenian mass killing was genocide - BBC News,Biden says Armenian mass killing was genocide - BB
54,https://www.bbc.com/news/world-europe-56874018,593,False,115,Covid: Man arrested after infecting 22 people in Majorca - BBC News,Covid: Man arrested after infecting 22 people in M
55,https://www.bbc.com/news/technology-56847518,1328,True,123,Cisco says computer chip shortage to last six months - BBC News,Cisco says computer chip shortage to last six mont
56,https://www.bbc.com/news/56858980,1045,True,106,India Covid crisis: Did election rallies help spread virus? - BBC News,India Covid crisis: Did election rallies help spre
57,https://www.bbc.com/news/world-asia-india-56872266,946,False,111,India Covid: Families appeal for help in Delhi's oxygen shortage - BBC News,India Covid: Families appeal for help in Delhi's o
58,https://www.bbc.com/news/science-environment-56847298,469,True,119,Brazil: Environment police battle for Amazon rainforest - BBC News,Brazil: Environment police battle for Amazon rainf
59,https://www.bbc.com/news/world-56851238,410,False,126,ICYMI: Chinese kite festival and a whale in Italy - BBC News,ICYMI: Chinese kite festival and a whale in Italy 
60,https://www.bbc.com/news/world-europe-56861890,487,False,118,Oscars 2021: 'I don't mind being the underdog' - BBC News,Oscars 2021: 'I don't mind being the underdog' - B
61,https://www.bbc.com/news/world-africa-56861679,372,False,108,"Sierra Leone: 'Covid-19 will go, we need to focus on malaria' - BBC News","Sierra Leone: 'Covid-19 will go, we need to focus "
62,https://www.bbc.com/news/world-europe-37591587,454,True,130,Retracing Albania's history through photography - BBC News,Retracing Albania's history through photography - 
63,https://www.bbc.com/news/world-asia-56860781,1847,True,119,Afghanistan War: How can the West fight terrorism after leaving? - BBC News,Afghanistan War: How can the West fight terrorism 
64,https://www.bbc.com/news/world-africa-56860658,1591,True,127,Ghana basks in Twitter’s surprise choice as Africa HQ - BBC News,Ghana basks in Twitter’s surprise choice as Africa
65,https://www.bbc.com/news/technology-56838118,1315,True,110,Screen time at 'breaking point' but can tech help? - BBC News,Screen time at 'breaking point' but can tech help?
66,https://www.bbc.com/news/entertainment-arts-56766212,1789,False,120,It's the Oscars 2021 - but how many people have seen the main films? - BBC News,It's the Oscars 2021 - but how many people have se
67,https://www.bbc.com/news/technology-56801878,1225,True,109,Telegram misogyny: 'They wanted to tie me and my child to a horse' - BBC News,Telegram misogyny: 'They wanted to tie me and my c
68,https://www.bbc.com/news/disability-56244376,1551,False,111,The disabled doctors not believed by their colleagues - BBC News,The disabled doctors not believed by their colleag
69,https://www.bbc.com/news/stories-55559382,3716,True,83,The homeless drug addict who became a professor - BBC News,The homeless drug addict who became a professor - 
70,https://www.bbc.com/news/stories-56688582,2953,False,110,Nil-by-mouth foodie: The chef who will never eat again - BBC News,Nil-by-mouth foodie: The chef who will never eat a
71,https://www.bbc.com/news/world-latin-america-56696907,2694,False,123,Why are so many babies dying of Covid-19 in Brazil? - BBC News,Why are so many babies dying of Covid-19 in Brazil
72,http://www.bbc.com/news/10628994,310,False,76,The BBC News app gives you the best of BBC News wherever you are - BBC News,The BBC News app gives you the best of BBC News wh
73,https://www.bbc.com/news/coronavirus#skip-to-content,1720,True,330,Coronavirus - BBC News,Coronavirus - BBC News
74,https://www.bbc.com/news/coronavirus#orb-footer,1720,True,330,Coronavirus - BBC News,Coronavirus - BBC News
75,https://www.bbc.com/news/coronavirus#core-navigation,1720,True,330,Coronavirus - BBC News,Coronavirus - BBC News
76,https://www.bbc.com/news/world-asia-56870410,1076,True,114,India Covid surge: Hospitals send SOS as record deaths registered - BBC News,India Covid surge: Hospitals send SOS as record de
77,https://www.bbc.com/news/world-middle-east-56868383,784,True,116,Covid-19: Israel records no daily deaths for the first time in 10 months - BBC News,Covid-19: Israel records no daily deaths for the f
78,https://www.bbc.com/news/health-56844220,956,True,114,One Covid vaccine cuts infection rate in all age groups - BBC News,One Covid vaccine cuts infection rate in all age g
79,https://www.bbc.com/news/health-56844220/#comp-comments-button,956,True,114,One Covid vaccine cuts infection rate in all age groups - BBC News,One Covid vaccine cuts infection rate in all age g
80,https://www.bbc.com/news/business-56313507,1212,False,113,Working abroad: 'The pandemic just made it harder' - BBC News,Working abroad: 'The pandemic just made it harder'
81,https://www.bbc.com/news/world-africa-56848551,894,True,118,Coronavirus: WHO urges African nations to keep expired vaccines - BBC News,Coronavirus: WHO urges African nations to keep exp
82,https://www.bbc.com/news/world-asia-india-56844925,1073,False,116,What is the India Covid variant and will vaccines work? - BBC News,What is the India Covid variant and will vaccines 
83,https://www.bbc.com/news/explainers-52380823,1154,True,125,Covid: What is happening with the EU vaccine rollout? - BBC News,Covid: What is happening with the EU vaccine rollo
84,https://www.bbc.com/news/health-56360646,1307,False,113,Is Europe's AstraZeneca jab decision-making flawed? - BBC News,Is Europe's AstraZeneca jab decision-making flawed
85,https://www.bbc.com/news/correspondents/nicktriggle,358,False,119,Nick Triggle | BBC News,Nick Triggle | BBC News
86,https://www.bbc.com/news/world-us-canada-56297329,1210,True,118,Covid: Are some states lifting restrictions too soon? - BBC News,Covid: Are some states lifting restrictions too so
87,https://www.bbc.com/news/health-54145299,1152,False,126,"Covid symptoms: Is it a cold, flu or coronavirus? - BBC News","Covid symptoms: Is it a cold, flu or coronavirus? "
88,https://www.bbc.com/news/explainers-53142063,477,False,118,Travel abroad UK: how to fly during a Covid pandemic - BBC News,Travel abroad UK: how to fly during a Covid pandem
89,https://www.bbc.com/news/health-52354520,1406,False,136,Coronavirus cure: What progress are we making on treatments? - BBC News,Coronavirus cure: What progress are we making on t
90,https://www.bbc.com/news/blogs-trending-51967889,1104,False,123,Coronavirus: Here's how you can stop bad information from going viral - BBC News,Coronavirus: Here's how you can stop bad informati
91,https://www.bbc.com/news/world-asia-india-55632782,1636,True,109,Coronavirus vaccine: India begins world's biggest drive - BBC News,Coronavirus vaccine: India begins world's biggest 
92,https://www.bbc.com/news/election-us-2020-55578098,1161,False,118,Covid in California: The state is struggling to contain the virus - BBC News,Covid in California: The state is struggling to co
93,https://www.bbc.com/news/election-us-2020-54423928,1098,True,86,Coronavirus: Why are infections rising again in US? - BBC News,Coronavirus: Why are infections rising again in US
94,https://www.bbc.com/news/explainers-53640249,1459,False,116,Covid: How are European countries tackling the pandemic? - BBC News,Covid: How are European countries tackling the pan
95,https://www.bbc.com/news/world-55415763,451,False,132,Are pandemics the new normal? - BBC News,Are pandemics the new normal? - BBC News
96,https://www.bbc.com/news/health-53855285,502,False,125,Coronavirus vaccine: What are human challenge trials? - BBC News,Coronavirus vaccine: What are human challenge tria
97,https://www.bbc.com/news/health-55153322,487,False,122,Vaccine group: Which vaccine group am I in? - BBC News,Vaccine group: Which vaccine group am I in? - BBC 
98,https://www.bbc.com/news/science-environment-55412079,351,False,104,Coronavirus: What has Covid done for climate crisis? - BBC News,Coronavirus: What has Covid done for climate crisi
99,https://www.bbc.com/news/health-52204068,493,False,127,Covid: What happens in a hospital intensive care unit? - BBC News,Covid: What happens in a hospital intensive care u
100,https://www.bbc.com/news/world-africa-53181555,2260,False,120,Coronavirus: Africa's new variants are causing growing concern - BBC News,Coronavirus: Africa's new variants are causing gro
101,https://www.bbc.com/news/world-asia-india-55083825,1102,True,116,Coronavirus: Is India's test and tracing strategy working? - BBC News,Coronavirus: Is India's test and tracing strategy 
102,https://www.bbc.com/news/54893437,1596,True,118,"Vaccine rumours debunked: Microchips, 'altered DNA' and more - BBC News","Vaccine rumours debunked: Microchips, 'altered DNA"
103,https://www.bbc.com/news/55101238,1283,True,114,Covid-19: What’s the harm of ‘funny’ anti-vaccine memes? - BBC News,Covid-19: What’s the harm of ‘funny’ anti-vaccine 
104,https://www.bbc.com/news/53684037,1261,True,117,Coronavirus: Fact-checking fake stories in Africa - BBC News,Coronavirus: Fact-checking fake stories in Africa 
105,https://www.bbc.com/news/world-asia-56875805,1017,True,120,Covid: India sets another infection record as US shows concern - BBC News,Covid: India sets another infection record as US s
106,https://www.bbc.com/news/world-middle-east-56876836,393,False,120,Iraq Covid fire: Inside Baghdad hospital where deadly blaze took place - BBC News,Iraq Covid fire: Inside Baghdad hospital where dea
107,https://www.bbc.com/news/live/explainers-51871385/page/2,1143,True,252,Coronavirus news stream - BBC News,Coronavirus news stream - BBC News
108,https://www.bbc.com/news/live/explainers-51871385/page/50,1106,True,238,Coronavirus news stream - BBC News,Coronavirus news stream - BBC News
109,https://www.bbc.com/news/business/your_money,1779,True,338,Your Money - BBC News,Your Money - BBC News
110,https://www.bbc.com/news/politics/parliaments,1512,True,305,Parliaments - BBC News,Parliaments - BBC News
111,https://www.bbc.com/news/education,1806,True,337,Family & Education - BBC News,Family & Education - BBC News
112,https://www.bbc.com/news/disability,1784,True,296,Disability - BBC News,Disability - BBC News
113,https://www.bbc.com/news/av/10462520#main-heading,271,False,100,One-minute World News - BBC News,One-minute World News - BBC News
114,https://account.bbc.com/account?lang=en-GB&ptrt=https://www.bbc.com/news/av/10462520,54,False,15,BBC – Sign in,BBC – Sign in
115,https://www.bbc.com/news/av/10462520#footer-navigation,271,False,100,One-minute World News - BBC News,One-minute World News - BBC News
116,https://www.bbc.com/news/av/10462520#product-navigation-menu,271,False,100,One-minute World News - BBC News,One-minute World News - BBC News
117,https://www.bbc.com/news/av/10462520#product-navigation-more-menu,271,False,100,One-minute World News - BBC News,One-minute World News - BBC News
118,https://www.bbc.com/news/av/world-europe-56878417,419,False,118,Man jumps through car window to stop dangerous driver in Albania - BBC News,Man jumps through car window to stop dangerous dri
119,https://www.bbc.com/news/av/world-us-canada-56859336,386,False,120,Oscars 2021: The railway station now a hosting venue - BBC News,Oscars 2021: The railway station now a hosting ven
120,https://www.bbc.com/news/av/science-environment-56847298,469,True,119,Brazil: Environment police battle for Amazon rainforest - BBC News,Brazil: Environment police battle for Amazon rainf
121,https://www.bbc.com/news/av/world-africa-56861679,372,False,108,"Sierra Leone: 'Covid-19 will go, we need to focus on malaria' - BBC News","Sierra Leone: 'Covid-19 will go, we need to focus "
122,https://www.bbc.com/news/av/world-56851238,410,False,126,ICYMI: Chinese kite festival and a whale in Italy - BBC News,ICYMI: Chinese kite festival and a whale in Italy 
123,https://www.bbc.com/news/av/world-europe-56861890,487,False,118,Oscars 2021: 'I don't mind being the underdog' - BBC News,Oscars 2021: 'I don't mind being the underdog' - B
124,https://www.bbc.com/news/av/science-environment-56871765,402,False,116,US Dragon spaceship arrives at International Space Station - BBC News,US Dragon spaceship arrives at International Space
125,https://www.bbc.com/news/world#skip-to-content,1806,True,358,World - BBC News,World - BBC News
126,https://www.bbc.com/news/world#orb-footer,1806,True,358,World - BBC News,World - BBC News
127,https://www.bbc.com/news/world#core-navigation,1806,True,358,World - BBC News,World - BBC News
128,https://www.bbc.com/news/science-environment-56871765,402,False,116,US Dragon spaceship arrives at International Space Station - BBC News,US Dragon spaceship arrives at International Space
129,https://www.bbc.com/news/world-europe-56874599,821,True,113,Killarney National Park: Major fire damages beauty spot - BBC News,Killarney National Park: Major fire damages beauty
130,https://www.bbc.com/news/world-europe-56829580,1240,False,110,Wolfwalkers: 'This year the Oscars are coming to Kilkenny' - BBC News,Wolfwalkers: 'This year the Oscars are coming to K
131,https://www.bbc.com/news/business-56598884,1511,True,119,Can Western brands recover from consumer backlash in China? - BBC News,Can Western brands recover from consumer backlash 
132,https://www.bbc.com/news/live/world-47639450/page/2,1283,True,268,World news stream - BBC News,World news stream - BBC News
133,https://www.bbc.com/news/live/world-47639450/page/50,2821,True,248,World news stream - BBC News,World news stream - BBC News
134,https://www.bbc.com/news/business#skip-to-content,2658,True,331,Business - BBC News,Business - BBC News
135,https://www.bbc.com/news/business#orb-footer,2658,True,331,Business - BBC News,Business - BBC News
136,https://www.bbc.com/news/business#core-navigation,2658,True,331,Business - BBC News,Business - BBC News
137,https://www.bbc.com/news/business-56860392,357,True,114,Cisco boss: Semiconductor shortage 'is a big problem' - BBC News,Cisco boss: Semiconductor shortage 'is a big probl
138,https://www.bbc.com/news/technology-55936011,1312,True,114,How will 'chipageddon' affect you? - BBC News,How will 'chipageddon' affect you? - BBC News
139,https://www.bbc.com/news/business-56878793,707,True,116,Sainsbury's ex-boss buys into grocery app market - BBC News,Sainsbury's ex-boss buys into grocery app market -
140,https://www.bbc.com/news/world-europe-56871403,669,False,112,Vebitcoin: Turkey arrests four people after cryptocurrency collapses - BBC News,Vebitcoin: Turkey arrests four people after crypto
141,https://www.bbc.com/news/scotland/scotland_business,1754,True,357,Scotland business - BBC News,Scotland business - BBC News
142,https://www.bbc.com/news/business-56867752,682,True,115,Brexit: UK and Australia agree 'vast majority' of trade deal - BBC News,Brexit: UK and Australia agree 'vast majority' of 
143,https://www.bbc.com/news/business-56855301,675,False,118,US President Joe Biden to 'propose hiking tax on rich' - BBC News,US President Joe Biden to 'propose hiking tax on r
144,https://www.bbc.com/news/business-56856195,1243,True,120,Covid costs push government borrowing to highest since WW2 - BBC News,Covid costs push government borrowing to highest s
145,https://www.bbc.com/news/business-56856195/#comp-comments-button,1243,True,120,Covid costs push government borrowing to highest since WW2 - BBC News,Covid costs push government borrowing to highest s
146,https://www.bbc.com/news/business-56720044,1575,True,120,Shopping in 10 minutes: The new supermarket battleground - BBC News,Shopping in 10 minutes: The new supermarket battle
147,https://www.bbc.com/news/business-56582456,1589,True,117,Coffee waste: Companies offer up new solutions - BBC News,Coffee waste: Companies offer up new solutions - B
148,https://www.bbc.com/news/business-46149743,1215,False,123,Sir James Dyson: From barrows to billions - BBC News,Sir James Dyson: From barrows to billions - BBC Ne
149,https://www.bbc.com/news/business-56826191,1007,True,115,NIO: 'Tesla killer' wants better US-China cooperation - BBC News,NIO: 'Tesla killer' wants better US-China cooperat
150,https://www.bbc.com/news/business-11876811,295,False,115,BBC World News business headlines - BBC News,BBC World News business headlines - BBC News
151,https://www.bbc.com/news/business-56818957,397,False,123,Shanghai Auto Show: Five electric car brands to look out for in China - BBC News,Shanghai Auto Show: Five electric car brands to lo
152,https://www.bbc.com/news/business-56694618,501,True,132,'I saved my firm by turning my weakness into a strength' - BBC News,'I saved my firm by turning my weakness into a str
153,https://www.bbc.com/news/world-europe-56774645,407,False,126,Covid: Michelin-starred Amsterdam restaurant's €20 takeaway burgers - BBC News,Covid: Michelin-starred Amsterdam restaurant's €20
154,https://www.bbc.com/news/business-56694617,383,True,123,Lockdown eases: How we fit bras at a social distance - BBC News,Lockdown eases: How we fit bras at a social distan
155,https://www.bbc.com/news/business-56859357,1779,True,129,Convicted Post Office workers have names cleared - BBC News,Convicted Post Office workers have names cleared -
156,https://www.bbc.com/news/business-56718036,1197,True,116,Post Office scandal: What the Horizon saga is all about - BBC News,Post Office scandal: What the Horizon saga is all 
157,https://www.bbc.com/news/live/business-47737521/page/2,1701,True,270,Business news stream - BBC News,Business news stream - BBC News
158,https://www.bbc.com/news/live/business-47737521/page/50,1199,True,278,Business news stream - BBC News,Business news stream - BBC News
159,https://www.bbc.com/news/technology#skip-to-content,1865,True,328,Technology - BBC News,Technology - BBC News
160,https://www.bbc.com/news/technology#orb-footer,1865,True,328,Technology - BBC News,Technology - BBC News
161,https://www.bbc.com/news/technology#core-navigation,1865,True,328,Technology - BBC News,Technology - BBC News
162,https://www.bbc.com/news/technology-56854417,764,False,109,Tesla's Autopilot 'tricked' to operate without driver - BBC News,Tesla's Autopilot 'tricked' to operate without dri
163,https://www.bbc.com/news/technology-56859086,1071,False,119,Tech Tent: The audio revolution? - BBC News,Tech Tent: The audio revolution? - BBC News
164,https://www.bbc.com/news/world-us-canada-56857240,664,False,122,Capitol riot: Man accused after Bumble dating app boast - BBC News,Capitol riot: Man accused after Bumble dating app 
165,https://www.bbc.com/news/technology-56859091,1066,True,117,Flubot: Warning over major Android 'package delivery' scam - BBC News,Flubot: Warning over major Android 'package delive
166,https://www.bbc.com/news/technology-56851558,1047,True,118,GCHQ chief warns of tech 'moment of reckoning' - BBC News,GCHQ chief warns of tech 'moment of reckoning' - B
167,https://www.bbc.com/news/technology-56844813,877,True,114,Jack Dorsey and Elon Musk agree on bitcoin's green credentials - BBC News,Jack Dorsey and Elon Musk agree on bitcoin's green
168,https://www.bbc.com/news/technology-56844813/#comp-comments-button,877,True,114,Jack Dorsey and Elon Musk agree on bitcoin's green credentials - BBC News,Jack Dorsey and Elon Musk agree on bitcoin's green
169,https://www.bbc.com/news/technology-56849773,460,False,122,Call of Duty: Warzone goes back to the 1980s - BBC News,Call of Duty: Warzone goes back to the 1980s - BBC
170,https://www.bbc.com/news/technology-56747557,413,False,115,DNA-based robots designed rapidly and other tech news - BBC News,DNA-based robots designed rapidly and other tech n
171,https://www.bbc.com/news/technology-56760734,389,False,115,The One and Only Ivan: How we brought the animals to life - BBC News,The One and Only Ivan: How we brought the animals 
172,https://www.bbc.com/news/technology-56427629,379,False,116,Will NFTs change how we buy our homes? - BBC News,Will NFTs change how we buy our homes? - BBC News
173,https://www.bbc.com/news/technology-56781807,375,False,105,A look at some of the infamous moments at tech events over the years. - BBC News,A look at some of the infamous moments at tech eve
174,https://www.bbc.com/news/business-56831212,771,False,118,Is it the end of the line for landline phones? - BBC News,Is it the end of the line for landline phones? - B
175,https://www.bbc.com/news/business-56561708,1508,False,122,Could electric tattoos be the next step in body art? - BBC News,Could electric tattoos be the next step in body ar
176,https://www.bbc.com/news/technology-56742772,1430,False,106,Amazon: How one cancer patient's story helps explain the Alabama union vote - BBC News,Amazon: How one cancer patient's story helps expla
177,https://www.bbc.com/news/technology-56779244,383,False,115,The Midnight Sky: How we built the visual effects - BBC News,The Midnight Sky: How we built the visual effects 
178,https://www.bbc.com/news/world-europe-56865119,754,True,116,Turkey launches international hunt for cryptocurrency boss - BBC News,Turkey launches international hunt for cryptocurre
179,https://www.bbc.com/news/science-environment-56860998,469,False,121,SpaceX Dragon crew of four astronauts blast off to the International Space Station - BBC News,SpaceX Dragon crew of four astronauts blast off to
180,https://www.bbc.com/news/correspondents/rorycellanjones?intlink_from_url=&link_location=live-reporting-undefined,326,False,118,Rory Cellan-Jones | BBC News,Rory Cellan-Jones | BBC News
181,https://www.bbc.com/news/science-environment-52809202,470,False,123,SpaceX launch: What is it and why is crew 2 going to the ISS? - BBC News,SpaceX launch: What is it and why is crew 2 going 
182,https://www.bbc.com/news/live/technology-47078793/page/2,1143,True,250,Technology news stream - BBC News,Technology news stream - BBC News
183,https://www.bbc.com/news/live/technology-47078793/page/50,1143,True,238,Technology news stream - BBC News,Technology news stream - BBC News
184,https://www.bbc.com/news/science_and_environment#skip-to-content,1934,True,328,Science & Environment - BBC News,Science & Environment - BBC News
185,https://www.bbc.com/news/science_and_environment#orb-footer,1934,True,328,Science & Environment - BBC News,Science & Environment - BBC News
186,https://www.bbc.com/news/science_and_environment#core-navigation,1934,True,328,Science & Environment - BBC News,Science & Environment - BBC News
187,https://www.bbc.com/news/world-latin-america-56847958,786,True,116,Brazil cuts environment budget despite climate summit pledge - BBC News,Brazil cuts environment budget despite climate sum
188,https://www.bbc.com/news/technology-56168844,1561,True,105,Amazon rainforest plots sold via Facebook Marketplace ads - BBC News,Amazon rainforest plots sold via Facebook Marketpl
189,https://www.bbc.com/news/world-latin-america-56190362,330,False,111,An indigenous leader in Brazil trying to protect the Amazon rainforest - BBC News,An indigenous leader in Brazil trying to protect t
190,https://www.bbc.com/news/science-environment-56837927,1294,True,113,Biden: This will be 'decisive decade' for tackling climate change - BBC News,Biden: This will be 'decisive decade' for tackling
191,https://www.bbc.com/news/science-environment-56837927/#comp-comments-button,1294,True,113,Biden: This will be 'decisive decade' for tackling climate change - BBC News,Biden: This will be 'decisive decade' for tackling
192,https://www.bbc.com/news/science-environment-56846728,1064,False,108,Chernobyl radiation damage 'not passed to children' - BBC News,Chernobyl radiation damage 'not passed to children
193,https://www.bbc.com/news/scotland/glasgow_and_west,1807,True,350,Glasgow & West Scotland - BBC News,Glasgow & West Scotland - BBC News
194,https://www.bbc.com/news/science-environment-56849723,1109,True,109,Nasa's Ingenuity helicopter makes second Mars flight - BBC News,Nasa's Ingenuity helicopter makes second Mars flig
195,https://www.bbc.com/news/science-environment-35073297,1093,True,119,What is the Paris climate agreement and why did the US rejoin? - BBC News,What is the Paris climate agreement and why did th
196,https://www.bbc.com/news/science-environment-56822950,441,False,122,Climate Basics: Your carbon footprint explained - BBC News,Climate Basics: Your carbon footprint explained - 
197,https://www.bbc.com/news/science-environment-24021772,1511,True,132,What is climate change? A really simple guide - BBC News,What is climate change? A really simple guide - BB
198,https://www.bbc.com/news/science-environment-56819257,1138,False,109,Climate change: Growing doubts over chip fat biofuel - BBC News,Climate change: Growing doubts over chip fat biofu
199,https://www.bbc.com/news/world-europe-56828383,837,True,119,Climate change: EU to cut CO2 emissions by 55% by 2030 - BBC News,Climate change: EU to cut CO2 emissions by 55% by 
200,https://www.bbc.com/news/science-environment-56758056,1171,False,110,The best climate solution you've never heard of - BBC News,The best climate solution you've never heard of - 
201,https://www.bbc.com/news/science-environment-56858789,793,False,115,US Dragon crewship launches to space station - BBC News,US Dragon crewship launches to space station - BBC
202,https://www.bbc.com/news/science-environment-56799755,1333,True,110,Nasa successfully flies small helicopter on Mars - BBC News,Nasa successfully flies small helicopter on Mars -
203,https://www.bbc.com/news/science-environment-56781556,1346,True,112,Nasa chooses SpaceX to build Moon lander - BBC News,Nasa chooses SpaceX to build Moon lander - BBC New
204,https://www.bbc.com/news/science-environment-56762972,1224,True,118,Carbon Mapper satellite network to find super-emitters - BBC News,Carbon Mapper satellite network to find super-emit
205,https://www.bbc.com/news/science-environment-56731502,740,False,109,Commercial satellites dock high above Earth - BBC News,Commercial satellites dock high above Earth - BBC 
206,https://www.bbc.com/news/science-environment-56779687,1457,False,117,A68: Iceberg that became a social media star melts away - BBC News,A68: Iceberg that became a social media star melts
207,https://www.bbc.com/news/science-environment-56752541,347,False,104,Sir David Attenborough's new doc: 'Humans are intruders' - BBC News,Sir David Attenborough's new doc: 'Humans are intr
208,https://www.bbc.com/news/business-56660644,1342,True,114,The 'Iron Man' body armour many of us may soon be wearing - BBC News,The 'Iron Man' body armour many of us may soon be 
209,https://www.bbc.com/news/56643677,1227,False,113,Muons: 'Strong' evidence found for a new force of nature - BBC News,Muons: 'Strong' evidence found for a new force of 
210,https://www.bbc.com/news/world-europe-56860032,423,False,120,Iceland volcano eruption: Music video and wedding filmed at Fagradalsfjall - BBC News,Iceland volcano eruption: Music video and wedding 
211,https://www.bbc.com/news/science-environment-56860975,450,False,112,Prof Niklas Höhne: China cautious on climate change promises - BBC News,Prof Niklas Höhne: China cautious on climate chang
212,https://www.bbc.com/news/science-environment-44745734,1355,False,120,The 'monster' iceberg: What happened next? - BBC News,The 'monster' iceberg: What happened next? - BBC N
213,https://www.bbc.com/news/correspondents/jonathanamos?intlink_from_url=&link_location=live-reporting-undefined,340,False,118,Jonathan Amos | BBC News,Jonathan Amos | BBC News
214,https://www.bbc.com/news/live/science-environment-47179475/page/2,1252,True,239,Science and Environment news stream - BBC News,Science and Environment news stream - BBC News
215,https://www.bbc.com/news/live/science-environment-47179475/page/50,1053,True,212,Science and Environment news stream - BBC News,Science and Environment news stream - BBC News
216,https://www.bbc.com/news/stories#skip-to-content,788,True,212,Stories - BBC News,Stories - BBC News
217,https://www.bbc.com/news/stories#orb-footer,788,True,212,Stories - BBC News,Stories - BBC News
218,https://www.bbc.com/news/stories#core-navigation,788,True,212,Stories - BBC News,Stories - BBC News
219,https://www.bbc.com/news/stories-56819838,524,False,111,The beauty ideal fuelling an illicit drugs trade - BBC News,The beauty ideal fuelling an illicit drugs trade -
220,https://www.bbc.com/news/stories-56737828,2422,False,109,How sex surrogates are helping injured Israeli soldiers - BBC News,How sex surrogates are helping injured Israeli sol
221,https://www.bbc.com/news/disability-56187965,1600,False,106,Encephalitis: 'Friendly fire' in my brain saw me sectioned in error - BBC News,Encephalitis: 'Friendly fire' in my brain saw me s
222,https://www.bbc.com/news/stories-56409764,3251,False,106,'We found a baby on the subway - now he's our son' - BBC News,'We found a baby on the subway - now he's our son'
223,https://www.bbc.com/news/stories-56524550,5689,True,107,The UK professor and the fake Russian agent - BBC News,The UK professor and the fake Russian agent - BBC 
224,https://www.bbc.com/news/stories-56576285,2584,False,110,Letterbox contact: ‘Don’t my birth children have a right to know I’m dying?' - BBC News,Letterbox contact: ‘Don’t my birth children have a
225,https://www.bbc.com/news/stories-56583994,1826,True,108,Germany and Namibia: What's the right price to pay for genocide? - BBC News,Germany and Namibia: What's the right price to pay
226,https://www.bbc.com/news/stories-56529301,1537,True,106,Black Power: A British story of resistance told through music - BBC News,Black Power: A British story of resistance told th
227,https://www.bbc.com/news/stories-56255883,367,False,108,DNA Family Secrets: What happened to Bill's father? - BBC News,DNA Family Secrets: What happened to Bill's father
228,https://www.bbc.com/news/stories-56182987,2353,False,107,'We couldn’t afford fertility treatment so we risked finding a sperm donor on Facebook' - BBC News,'We couldn’t afford fertility treatment so we risk
229,https://www.bbc.com/news/stories-56259541,432,False,123,Three surprising things you can make with mushrooms - BBC News,Three surprising things you can make with mushroom
230,https://www.bbc.com/news/stories-56114967,430,False,117,The petrol that was poisoning children - BBC News,The petrol that was poisoning children - BBC News
231,https://www.bbc.com/news/stories-55723620,365,False,106,Joe believes playing video games helps his mental health - BBC News,Joe believes playing video games helps his mental 
232,https://www.bbc.com/news/entertainment_and_arts#skip-to-content,1780,True,324,Entertainment & Arts - BBC News,Entertainment & Arts - BBC News
233,https://www.bbc.com/news/entertainment_and_arts#orb-footer,1780,True,324,Entertainment & Arts - BBC News,Entertainment & Arts - BBC News
234,https://www.bbc.com/news/entertainment_and_arts#core-navigation,1780,True,324,Entertainment & Arts - BBC News,Entertainment & Arts - BBC News
235,https://www.bbc.com/news/entertainment-arts-56372153,1289,False,114,Oscars 2021: The nominations in full - BBC News,Oscars 2021: The nominations in full - BBC News
236,https://www.bbc.com/news/entertainment-arts-55325109,2431,False,110,Oscars 2021: 19 geeky facts from Borat to Boseman - BBC News,Oscars 2021: 19 geeky facts from Borat to Boseman 
237,https://www.bbc.com/news/entertainment-arts-56856540,776,True,111,Razzies: Singer Sia named worst director for controversial film Music - BBC News,Razzies: Singer Sia named worst director for contr
238,https://www.bbc.com/news/entertainment-arts-56766212/#comp-comments-button,1789,False,120,It's the Oscars 2021 - but how many people have seen the main films? - BBC News,It's the Oscars 2021 - but how many people have se
239,https://www.bbc.com/news/entertainment-arts-56813176,1316,False,118,Oscars 2021: Why Two Distant Strangers is 'important and necessary' - BBC News,Oscars 2021: Why Two Distant Strangers is 'importa
240,https://www.bbc.com/news/world-us-canada-56753968,1759,False,114,Time: A love story coloured by incarceration - BBC News,Time: A love story coloured by incarceration - BBC
241,https://www.bbc.com/news/world-us-canada-56859334,555,False,150,The real-life nomads of Nomadland - BBC News,The real-life nomads of Nomadland - BBC News
242,https://www.bbc.com/news/newsbeat-56857602,364,False,110,Rob McElhenney: Wrexham reminded me of Philadelphia - BBC News,Rob McElhenney: Wrexham reminded me of Philadelphi
243,https://www.bbc.com/news/entertainment-arts-56837707,489,True,119,ASMR: Why is it being used more in the music industry? - BBC News,ASMR: Why is it being used more in the music indus
244,https://www.bbc.com/news/newsbeat-56880177,724,False,116,Ashley Cain's daughter Azaylia dies aged 8 months - BBC News,Ashley Cain's daughter Azaylia dies aged 8 months 
245,https://www.bbc.com/news/entertainment-arts-56863531,518,False,105,Rapper Lil Mosey wanted by US police over rape charge - BBC News,Rapper Lil Mosey wanted by US police over rape cha
246,https://www.bbc.com/news/newsbeat-56860578,991,False,118,"Hollywood has its most diverse year, says report - BBC News","Hollywood has its most diverse year, says report -"
247,https://www.bbc.com/news/entertainment-arts-55954948,1792,True,110,Oscars 2021: How to see the films in this year's race - BBC News,Oscars 2021: How to see the films in this year's r
248,https://www.bbc.com/news/entertainment-arts-56857512,961,False,116,Carey Mulligan dedicates Independent Spirit awards win to Helen McCrory - BBC News,Carey Mulligan dedicates Independent Spirit awards
249,https://www.bbc.com/news/entertainment-arts-56856534,764,False,121,Bollywood composer Shravan Rathod dies of Covid aged 66 - BBC News,Bollywood composer Shravan Rathod dies of Covid ag
250,https://www.bbc.com/news/world-europe-56858493,712,False,116,Black ballet dancer Lopes Gomes wins Berlin racism case - BBC News,Black ballet dancer Lopes Gomes wins Berlin racism
251,https://www.bbc.com/news/live/entertainment-arts-47639448/page/2,1241,True,241,Entertainment & Arts news stream - BBC News,Entertainment & Arts news stream - BBC News
252,https://www.bbc.com/news/live/entertainment-arts-47639448/page/50,1118,True,246,Entertainment & Arts news stream - BBC News,Entertainment & Arts news stream - BBC News
253,https://www.bbc.com/news/health#skip-to-content,1719,True,314,Health - BBC News,Health - BBC News
254,https://www.bbc.com/news/health#orb-footer,1719,True,314,Health - BBC News,Health - BBC News
255,https://www.bbc.com/news/health#core-navigation,1719,True,314,Health - BBC News,Health - BBC News
256,https://www.bbc.com/news/world-us-canada-56865562,834,False,111,US lifts pause on Johnson & Johnson vaccine - BBC News,US lifts pause on Johnson & Johnson vaccine - BBC 
257,https://www.bbc.com/news/health-56858158,952,True,111,Malaria vaccine hailed as potential breakthrough - BBC News,Malaria vaccine hailed as potential breakthrough -
258,https://www.bbc.com/news/world-australia-56825920,1410,True,121,What's gone wrong with Australia's vaccine rollout? - BBC News,What's gone wrong with Australia's vaccine rollout
259,https://www.bbc.com/news/world-asia-india-56811315,1901,True,117,Covid-19 in India: Why second coronavirus wave is devastating - BBC News,Covid-19 in India: Why second coronavirus wave is 
260,https://www.bbc.com/news/world-europe-56812293,1740,True,118,Coronapas: The passport helping Denmark open up after Covid - BBC News,Coronapas: The passport helping Denmark open up af
261,https://www.bbc.com/news/world-africa-56852375,1628,True,120,"Mental health: Trauma, genocide and my invisible illness - BBC News","Mental health: Trauma, genocide and my invisible i"
262,https://www.bbc.com/news/health-56765176,396,False,114,Two 13-year-old boys desperate to get a vaccine - BBC News,Two 13-year-old boys desperate to get a vaccine - 
263,https://www.bbc.com/news/health-56865129,779,False,109,Covid: Smell training recommended for lost sense of smell - BBC News,Covid: Smell training recommended for lost sense o
264,https://www.bbc.com/news/health-56866835,1068,True,111,Covid: Science advisers call for better PPE for healthcare workers - BBC News,Covid: Science advisers call for better PPE for he
265,https://www.bbc.com/news/live/health-47160630/page/2,1217,True,259,Health news stream - BBC News,Health news stream - BBC News
266,https://www.bbc.com/news/live/health-47160630/page/50,1098,True,243,Health news stream - BBC News,Health news stream - BBC News
267,https://www.bbc.com/news/world_radio_and_tv#skip-to-content,439,True,201,BBC World News: 24 hour news TV channel - BBC News,BBC World News: 24 hour news TV channel - BBC News
268,https://www.bbc.com/news/world_radio_and_tv#orb-footer,439,True,201,BBC World News: 24 hour news TV channel - BBC News,BBC World News: 24 hour news TV channel - BBC News
269,https://www.bbc.com/news/world_radio_and_tv#core-navigation,439,True,201,BBC World News: 24 hour news TV channel - BBC News,BBC World News: 24 hour news TV channel - BBC News
270,http://www.bbc.com/news/world-radio-and-tv-14563857,569,False,105,Where and how to watch BBC World News - BBC News,Where and how to watch BBC World News - BBC News
271,http://www.bbc.com/news/world-radio-and-tv-12957296,491,False,99,About BBC World News TV - BBC News,About BBC World News TV - BBC News
272,https://www.bbc.com/news/world-asia-india-56865232,446,True,117,"India: ‘A broken country, a country in torment’ - BBC News","India: ‘A broken country, a country in torment’ - "
273,https://www.bbc.com/news/world-asia-india-56860971,453,False,114,India: ‘The worst humanitarian crisis I’ve witnessed' - BBC News,India: ‘The worst humanitarian crisis I’ve witness
274,https://www.bbc.com/news/science-environment-56848668,406,False,106,Lord Stern: We must act strongly on climate change - BBC News,Lord Stern: We must act strongly on climate change
275,https://www.bbc.com/news/in_pictures#skip-to-content,1617,True,327,In Pictures - BBC News,In Pictures - BBC News
276,https://www.bbc.com/news/in_pictures#orb-footer,1617,True,327,In Pictures - BBC News,In Pictures - BBC News
277,https://www.bbc.com/news/in_pictures#core-navigation,1617,True,327,In Pictures - BBC News,In Pictures - BBC News
278,https://www.bbc.com/news/in-pictures-56675382,713,False,102,Covid: Those warning signs are being photographed for history - BBC News,Covid: Those warning signs are being photographed 
279,https://www.bbc.com/news/world-africa-56843885,392,True,87,Africa's week in pictures: 16-22 April 2021 - BBC News,Africa's week in pictures: 16-22 April 2021 - BBC 
280,https://www.bbc.com/news/in-pictures-56830318,299,False,77,In pictures: US reacts to Chauvin trial verdict - BBC News,In pictures: US reacts to Chauvin trial verdict - 
281,https://www.bbc.com/news/in-pictures-56802158,380,False,81,RHS Photographic Competition 2021 winners revealed - BBC News,RHS Photographic Competition 2021 winners revealed
282,https://www.bbc.com/news/in-pictures-56779000,632,False,78,Prince Philip funeral: Pictures as Queen and nation bid farewell to the duke - BBC News,Prince Philip funeral: Pictures as Queen and natio
283,https://www.bbc.com/news/in-pictures-56759689,547,True,76,Week in pictures: 10 - 16 April 2021 - BBC News,Week in pictures: 10 - 16 April 2021 - BBC News
284,https://www.bbc.com/news/in-pictures-56760974,728,True,81,In pictures: Raúl Castro's career over six decades - BBC News,In pictures: Raúl Castro's career over six decades
285,https://www.bbc.com/news/in-pictures-56689445,463,True,77,Week in pictures: 3 - 9 April 2021 - BBC News,Week in pictures: 3 - 9 April 2021 - BBC News
286,https://www.bbc.com/news/in-pictures-56602641,464,True,76,Week in pictures: 27 March - 2 April 2021 - BBC News,Week in pictures: 27 March - 2 April 2021 - BBC Ne
287,https://www.bbc.com/news/in-pictures-56536629,542,True,76,Week in pictures: 20 - 26 March 2021 - BBC News,Week in pictures: 20 - 26 March 2021 - BBC News
288,https://www.bbc.com/news/in-pictures-56442714,469,True,76,Week in pictures: 13 - 19 March 2021 - BBC News,Week in pictures: 13 - 19 March 2021 - BBC News
289,https://www.bbc.com/news/in-pictures-56371922,595,True,77,Week in pictures: 6 - 12 March 2021 - BBC News,Week in pictures: 6 - 12 March 2021 - BBC News
290,https://www.bbc.com/news/in-pictures-56653825,744,False,83,Your pictures on the theme of 'my favourite food' - BBC News,Your pictures on the theme of 'my favourite food' 
291,https://www.bbc.com/news/in-pictures-56538913,573,False,83,Your pictures on the theme of 'sculpture' - BBC News,Your pictures on the theme of 'sculpture' - BBC Ne
292,https://www.bbc.com/news/in-pictures-56364240,679,False,82,Your pictures on the theme of 'I made this' - BBC News,Your pictures on the theme of 'I made this' - BBC 
293,https://www.bbc.com/news/in-pictures-56211135,727,False,83,Your pictures on the theme of 'the beauty of trees' - BBC News,Your pictures on the theme of 'the beauty of trees
294,https://www.bbc.com/news/world-africa-56541869,435,False,121,Project 17: The photograph that united a family - BBC News,Project 17: The photograph that united a family - 
295,https://www.bbc.com/news/world-australia-56369145,427,False,126,Photos from Australia: Capturing 'flash rips' and 'the edge of the world' - BBC News,Photos from Australia: Capturing 'flash rips' and 
296,https://www.bbc.com/news/world-us-canada-56214919,455,False,132,Covid: The front-line doctor photographing the pandemic - BBC News,Covid: The front-line doctor photographing the pan
297,https://www.bbc.com/news/entertainment-arts-56009827,372,False,105,‘How I nearly missed the beauty in this image’ - BBC News,‘How I nearly missed the beauty in this image’ - B
298,https://www.bbc.com/news/in-pictures-56836517,580,True,76,Week in pictures: 17 - 23 April 2021 - BBC News,Week in pictures: 17 - 23 April 2021 - BBC News
299,https://www.bbc.com/news/in-pictures-56861118,674,False,82,Your pictures on the theme of 'fences' - BBC News,Your pictures on the theme of 'fences' - BBC News
300,https://www.bbc.com/news/world-africa-56757376,368,True,86,Africa's week in pictures: 9-15 April 2021 - BBC News,Africa's week in pictures: 9-15 April 2021 - BBC N
301,https://www.bbc.com/news/in-pictures-56719188,938,False,77,In pictures: 2021 Sony World Photography Awards - BBC News,In pictures: 2021 Sony World Photography Awards - 
302,https://www.bbc.com/news/in-pictures-56242398,742,False,108,When the Queen was snapped 'giggling' at Prince Philip - BBC News,When the Queen was snapped 'giggling' at Prince Ph
303,https://www.bbc.com/news/correspondents/philcoomes?intlink_from_url=&link_location=live-reporting-undefined,235,False,118,Phil Coomes | BBC News,Phil Coomes | BBC News
304,https://www.bbc.com/news/live/in-pictures-47146868/page/2,1065,True,246,In Pictures news stream - BBC News,In Pictures news stream - BBC News
305,https://www.bbc.com/news/live/in-pictures-47146868/page/50,1089,True,246,In Pictures news stream - BBC News,In Pictures news stream - BBC News
306,https://www.bbc.com/news/reality_check#skip-to-content,2448,True,296,Reality Check - BBC News,Reality Check - BBC News
307,https://www.bbc.com/news/reality_check#orb-footer,2448,True,296,Reality Check - BBC News,Reality Check - BBC News
308,https://www.bbc.com/news/reality_check#core-navigation,2448,True,296,Reality Check - BBC News,Reality Check - BBC News
309,https://www.bbc.com/news/world-asia-53420537,1227,False,115,Coronavirus in South Asia: Where are numbers going up again? - BBC News,Coronavirus in South Asia: Where are numbers going
310,https://www.bbc.com/news/world-us-canada-56650565,1206,True,118,Georgia voting: Fact-checking claims about the new election law - BBC News,Georgia voting: Fact-checking claims about the new
311,https://www.bbc.com/news/56523659,495,False,82,Suez Canal: How did they move the Ever Given? - BBC News,Suez Canal: How did they move the Ever Given? - BB
312,https://www.bbc.com/news/56531137,1080,False,110,President Biden's first press conference fact-checked - BBC News,President Biden's first press conference fact-chec
313,https://www.bbc.com/news/56100076,1042,True,113,Covid-19 Africa: What is happening with vaccines? - BBC News,Covid-19 Africa: What is happening with vaccines? 
314,https://www.bbc.com/news/world-us-canada-56405199,1044,False,126,Covid: How ethnicity and wealth affect US vaccine rollout - BBC News,Covid: How ethnicity and wealth affect US vaccine 
315,https://www.bbc.com/news/world-asia-india-55571793,1184,True,115,India coronavirus: Can its vaccine producers meet demand? - BBC News,India coronavirus: Can its vaccine producers meet 
316,https://www.bbc.com/news/55918746,1306,True,119,Myanmar coup: Does the army have evidence of voter fraud? - BBC News,Myanmar coup: Does the army have evidence of voter
317,https://www.bbc.com/news/56456535,1105,True,118,Tigray conflict: The fake UN diplomat and other misleading stories - BBC News,Tigray conflict: The fake UN diplomat and other mi
318,https://www.bbc.com/news/56213271,1022,False,109,Has China lifted 100 million people out of poverty? - BBC News,Has China lifted 100 million people out of poverty
319,https://www.bbc.com/news/world-africa-54985545,1154,True,127,Ethiopia's Tigray crisis: Fact-checking misleading images - BBC News,Ethiopia's Tigray crisis: Fact-checking misleading
320,https://www.bbc.com/news/world-us-canada-55721718,421,True,123,Coronavirus: How President Biden plans to tackle the pandemic - BBC News,Coronavirus: How President Biden plans to tackle t
321,https://www.bbc.com/news/election-us-2020-54696386,468,True,118,US election 2020: How much did it cost and who paid for it? - BBC News,US election 2020: How much did it cost and who pai
322,https://www.bbc.com/news/world-48108627,392,False,117,Electric Cars: Is it time to buy one? - BBC News,Electric Cars: Is it time to buy one? - BBC News
323,https://www.bbc.com/news/science-environment-52926683,380,False,119,Climate Basics: CO2 explained - BBC News,Climate Basics: CO2 explained - BBC News
324,https://www.bbc.com/news/election-us-2020-54377467,444,True,115,US Election 2020: Can you trust the polls? - BBC News,US Election 2020: Can you trust the polls? - BBC N
325,https://www.bbc.com/news/56801288,1130,True,117,Covid: Why was India not already on the red list? - BBC News,Covid: Why was India not already on the red list? 
326,https://www.bbc.com/news/56779160,1283,True,119,Afghanistan: Have things improved since the Taliban? - BBC News,Afghanistan: Have things improved since the Taliba
327,https://www.bbc.com/news/56675624,1214,True,120,Lateral-flow tests: What are the risks and benefits? - BBC News,Lateral-flow tests: What are the risks and benefit
328,https://www.bbc.com/news/health-51736185,1086,False,123,Coronavirus: What's the risk on transport? - BBC News,Coronavirus: What's the risk on transport? - BBC N
329,https://www.bbc.com/news/world-us-canada-52877678,871,False,122,George Floyd: How are African-Americans treated under the law? - BBC News,George Floyd: How are African-Americans treated un
330,https://www.bbc.com/news/health-51943612,984,True,125,Covid: How do I get a lateral flow or PCR test? - BBC News,Covid: How do I get a lateral flow or PCR test? - 
331,https://www.bbc.com/news/54988317,1519,True,118,Green targets: Do governments meet them? - BBC News,Green targets: Do governments meet them? - BBC New
332,https://www.bbc.com/news/56763859,1379,True,114,Northern Ireland: Did anyone warn about Brexit border checks? - BBC News,Northern Ireland: Did anyone warn about Brexit bor
333,https://www.bbc.com/news/56772297,1260,True,115,Russia Ukraine conflict: Fact-checking Russian TV's Ukraine claims - BBC News,Russia Ukraine conflict: Fact-checking Russian TV'
334,https://www.bbc.com/news/live/world-48190034/page/2,1635,True,269,Reality Check news stream - BBC News,Reality Check news stream - BBC News
335,https://www.bbc.com/news/live/world-48190034/page/41,862,True,233,Reality Check news stream - BBC News,Reality Check news stream - BBC News
336,https://www.bbc.com/news/newsbeat#main-content,282,True,178,Newsbeat - BBC News,Newsbeat - BBC News
337,https://www.bbc.com/news/newsbeat#orb-footer,282,True,178,Newsbeat - BBC News,Newsbeat - BBC News
338,https://www.bbc.com/news/newsbeat#core-navigation,282,True,178,Newsbeat - BBC News,Newsbeat - BBC News
339,https://www.bbc.com/news/newsbeat-56829829,1091,False,116,"Jodie Harsh on My House, clubs and 'drag queen rock stars' - BBC News","Jodie Harsh on My House, clubs and 'drag queen roc"
340,https://www.bbc.com/news/newsbeat-56845921,1265,False,115,Lockdown lip fillers gone wrong: 'My lips went black' - BBC News,Lockdown lip fillers gone wrong: 'My lips went bla
341,https://www.bbc.com/news/newsbeat-56771817,1220,True,122,Covid and India: 'It feels like we're back to square one' - BBC News,Covid and India: 'It feels like we're back to squa
342,https://www.bbc.com/news/newsbeat-56800957,897,False,113,"London Grammar: 'Men aren't told what to wear, so why was I?' - BBC News","London Grammar: 'Men aren't told what to wear, so "
343,https://www.bbc.com/news/newsbeat-56843999,743,True,116,Radio 1 launches Relax music stream with ASMR and mindfulness sessions - BBC News,Radio 1 launches Relax music stream with ASMR and 
344,https://www.bbc.com/news/newsbeat-56829099,667,False,109,European Super League: Five things that lasted longer - BBC News,European Super League: Five things that lasted lon
345,https://www.bbc.com/news/newsbeat-56861212,633,False,113,Explosive gender reveal party shakes houses miles away - BBC News,Explosive gender reveal party shakes houses miles 
346,https://www.bbc.com/news/newsbeat-56814062,920,False,117,'Legend' Annie Mac is leaving BBC Radio 1 after 17 years - BBC News,'Legend' Annie Mac is leaving BBC Radio 1 after 17
347,https://www.bbc.com/news/newsbeat-56802655,837,False,115,Greta Thunberg: Meeting David Attenborough was 'indescribable' - BBC News,Greta Thunberg: Meeting David Attenborough was 'in
348,https://www.bbc.com/news/newsbeat-56773964,992,False,110,Online dating: 'In 2021 everyone is a kind-of catfish' - BBC News,Online dating: 'In 2021 everyone is a kind-of catf
349,https://www.bbc.com/news/newsbeat-56799333,835,False,123,AJ Tracey: Gig organisers fined £10k for Covid rule breach in Manchester - BBC News,AJ Tracey: Gig organisers fined £10k for Covid rul
350,https://www.bbc.com/news/newsbeat-56511416,520,False,121,Planet and plastic: End of the love story? - BBC News,Planet and plastic: End of the love story? - BBC N
351,https://www.bbc.com/news/newsbeat-56847378,833,False,114,Driving tests: Relief and new-found freedom as post-lockdown tests get back in gear - BBC News,Driving tests: Relief and new-found freedom as pos
352,https://www.bbc.com/news/newsbeat-56753221,437,False,119,St Vincent volcano: ‘A horrifying 72 hours’ - BBC News,St Vincent volcano: ‘A horrifying 72 hours’ - BBC 
353,https://www.bbc.com/news/newsbeat-56749586,678,False,116,Fifth of all songs streamed in UK in 2020 were rap and hip hop - BBC News,Fifth of all songs streamed in UK in 2020 were rap
354,https://www.bbc.com/news/newsbeat-56747017,1211,False,127,The Circle's Manrika on trolling: 'You're a woman of colour. It makes a difference.' - BBC News,The Circle's Manrika on trolling: 'You're a woman 
355,https://www.bbc.com/news/the_reporters#skip-to-content,1831,True,312,Long Reads - BBC News,Long Reads - BBC News
356,https://www.bbc.com/news/the_reporters#orb-footer,1831,True,312,Long Reads - BBC News,Long Reads - BBC News
357,https://www.bbc.com/news/the_reporters#core-navigation,1831,True,312,Long Reads - BBC News,Long Reads - BBC News
358,https://www.bbc.com/news/world-us-canada-56808455,4463,True,89,How the Bay of Pigs invasion began - and failed - 60 years on - BBC News,How the Bay of Pigs invasion began - and failed - 
359,https://www.bbc.com/news/world-asia-56485667,2118,True,115,Bangladesh at 50: Why climate change could destroy my ancestral home - BBC News,Bangladesh at 50: Why climate change could destroy
360,https://www.bbc.com/news/stories-51379981,3068,True,105,"'My father, the killer' - BBC News","'My father, the killer' - BBC News"
361,https://www.bbc.com/news/world-asia-56323825,2169,False,109,North Korea’s ‘only openly gay defector’ finds love - BBC News,North Korea’s ‘only openly gay defector’ finds lov
362,https://www.bbc.com/news/stories-56346001,2535,True,108,Skylab: The myth of the mutiny in space - BBC News,Skylab: The myth of the mutiny in space - BBC News
363,https://www.bbc.com/news/world-africa-56292809,2686,False,115,"The art dealer, the £10m Benin Bronze and the Holocaust - BBC News","The art dealer, the £10m Benin Bronze and the Holo"
364,https://www.bbc.com/news/world-us-canada-56246507,2133,True,123,Who truly was the most dishonest president? - BBC News,Who truly was the most dishonest president? - BBC 
365,https://www.bbc.com/news/stories-56282751,2182,False,107,The woman with HIV helping others have a 'good death' - BBC News,The woman with HIV helping others have a 'good dea
366,https://www.bbc.com/news/stories-56215177,3890,True,108,How a ring tells the story of a forgotten secret agent - BBC News,How a ring tells the story of a forgotten secret a
367,https://www.bbc.com/news/stories-56187737,3425,False,103,'I've been listening to 300 vinyl records to get me through lockdown' - BBC News,'I've been listening to 300 vinyl records to get m
368,https://www.bbc.com/news/have_your_say#skip-to-content,1967,True,322,Your Coronavirus Stories - BBC News,Your Coronavirus Stories - BBC News
369,https://www.bbc.com/news/have_your_say#orb-footer,1967,True,322,Your Coronavirus Stories - BBC News,Your Coronavirus Stories - BBC News
370,https://www.bbc.com/news/have_your_say#core-navigation,1967,True,322,Your Coronavirus Stories - BBC News,Your Coronavirus Stories - BBC News
371,https://www.bbc.com/news/health-54622059,1168,False,118,Long Covid: Who is more likely to get it? - BBC News,Long Covid: Who is more likely to get it? - BBC Ne
372,https://www.bbc.com/news/health-54296223,1603,True,127,'Long Covid': Why are some people not recovering? - BBC News,'Long Covid': Why are some people not recovering? 
373,https://www.bbc.com/news/world-europe-56005488,626,False,115,Europe's oldest person survives Covid just before 117th birthday - BBC News,Europe's oldest person survives Covid just before 
374,https://www.bbc.com/news/newsbeat-55893676,1118,False,112,Young shielders: Covid vaccine is a ticket back to normal - BBC News,Young shielders: Covid vaccine is a ticket back to
375,https://www.bbc.com/news/10725415,764,False,111,"How to share your questions, stories, pictures and videos with BBC News - BBC News","How to share your questions, stories, pictures and"
376,https://www.bbc.com/news/52143212,529,False,112,Coronavirus: What questions do you have? - BBC News,Coronavirus: What questions do you have? - BBC New
377,https://www.bbc.com/news/world-30821245,577,False,112,BBC Have Your Say on WhatsApp - BBC News,BBC Have Your Say on WhatsApp - BBC News
378,https://www.bbc.com/news/in-pictures-53513562,816,False,81,Coronavirus: When home is both prison and sanctuary - BBC News,Coronavirus: When home is both prison and sanctuar
379,https://www.bbc.com/news/education-53568200,893,False,107,Recordings show lockdown London quieter than 1928 - BBC News,Recordings show lockdown London quieter than 1928 
380,https://www.bbc.com/news/business-53435415,1430,False,121,Coronavirus: 'We made a feature film in lockdown' - BBC News,Coronavirus: 'We made a feature film in lockdown' 
381,https://www.bbc.com/news/world-europe-53726428,463,False,129,Coronavirus: Does your mask need an upgrade? - BBC News,Coronavirus: Does your mask need an upgrade? - BBC
382,https://www.bbc.com/news/world-asia-china-53521564,484,False,125,Coronavirus in Wuhan: The son who lost his father to Covid-19 - BBC News,Coronavirus in Wuhan: The son who lost his father 
383,https://www.bbc.com/news/stories-53534125,372,False,104,Coronavirus and teachers: The forgotten school key workers - BBC News,Coronavirus and teachers: The forgotten school key
384,https://www.bbc.com/news/world-latin-america-53451703,452,False,118,Coronavirus: 'When coffins lined the streets of my hometown' - BBC News,Coronavirus: 'When coffins lined the streets of my
385,https://www.bbc.com/news/business-53397576,465,True,129,Coronavirus: Lessons from 2008 for the class of 2020 - BBC News,Coronavirus: Lessons from 2008 for the class of 20
386,https://www.bbc.com/news/world-asia-india-56757405,1688,True,125,India coronavirus: Desperate Covid-19 patients turn to black market for drugs - BBC News,India coronavirus: Desperate Covid-19 patients tur
387,https://www.bbc.com/news/education-56737536,370,False,110,Lockdown learning 'made me feel a lot more confident' - BBC News,Lockdown learning 'made me feel a lot more confide
388,https://www.bbc.com/news/newsbeat-56323453,1371,False,118,Covid: How to deal with social anxiety as restrictions ease - BBC News,Covid: How to deal with social anxiety as restrict
389,https://www.bbc.com/news/world/africa#skip-to-content,4012,True,321,Africa - BBC News,Africa - BBC News
390,https://www.bbc.com/news/world/africa#orb-footer,4012,True,321,Africa - BBC News,Africa - BBC News
391,https://www.bbc.com/news/world/africa#core-navigation,4012,True,321,Africa - BBC News,Africa - BBC News
392,https://www.bbc.com/news/world-africa-56870996,872,True,117,Chad after Idriss Déby: African Union urges end to military rule - BBC News,Chad after Idriss Déby: African Union urges end to
393,https://www.bbc.com/news/world-africa-56870999,475,False,111,Zanzibar halts fishing as storm Jobo approaches Tanzania - BBC News,Zanzibar halts fishing as storm Jobo approaches Ta
394,https://www.bbc.com/news/world-africa-56846948,1492,True,114,Isa Pantami: The Nigerian minister haunted by his extremist views - BBC News,Isa Pantami: The Nigerian minister haunted by his 
395,https://www.bbc.com/news/world-africa-56850715,986,True,119,Chad family feud intensifies transition tensions after Idriss Déby's death - BBC News,Chad family feud intensifies transition tensions a
396,https://www.bbc.com/news/world-africa-56799672,1415,True,121,Gerd: Sudan talks tough with Ethiopia over River Nile dam - BBC News,Gerd: Sudan talks tough with Ethiopia over River N
397,https://www.bbc.com/news/world-africa-56837937,388,True,114,"Who is Mahamat Déby, the new leader of Chad? - BBC News","Who is Mahamat Déby, the new leader of Chad? - BBC"
398,https://www.bbc.com/news/world-africa-56807726,364,False,114,Female engineers behind Ghana's solar cars - BBC News,Female engineers behind Ghana's solar cars - BBC N
399,https://www.bbc.com/news/world-africa-56823897,386,True,111,Chad's President Idriss Déby is one of Africa's longest-serving leaders - BBC News,Chad's President Idriss Déby is one of Africa's lo
400,https://www.bbc.com/news/stories-56806444,423,False,120,How a bicycle tripled one woman's income - BBC News,How a bicycle tripled one woman's income - BBC New
401,https://www.bbc.com/news/world-africa-56857563,1116,True,118,Idriss Déby: Thousands attend funeral of Chad president - BBC News,Idriss Déby: Thousands attend funeral of Chad pres
402,https://www.bbc.com/news/live/world-africa-47639452/page/2,3578,True,250,Africa news updates - BBC News,Africa news updates - BBC News
403,https://www.bbc.com/news/live/world-africa-47639452/page/50,4068,True,242,Africa news updates - BBC News,Africa news updates - BBC News
404,https://www.bbc.com/news/world/asia#skip-to-content,1697,True,340,Asia - BBC News,Asia - BBC News
405,https://www.bbc.com/news/world/asia#orb-footer,1697,True,340,Asia - BBC News,Asia - BBC News
406,https://www.bbc.com/news/world/asia#core-navigation,1697,True,340,Asia - BBC News,Asia - BBC News
407,https://www.bbc.com/news/world/asia/china,1744,True,316,China - BBC News,China - BBC News
408,https://www.bbc.com/news/world-asia-56855166,1178,True,114,Myanmar: Military chief urged to stop violence on first foreign trip - BBC News,Myanmar: Military chief urged to stop violence on 
409,https://www.bbc.com/news/world-asia-56873438,298,True,82,Nepal opens replica Dharahara Tower in Kathmandu - BBC News,Nepal opens replica Dharahara Tower in Kathmandu -
410,https://www.bbc.com/news/world-asia-56854906,385,False,110,Tokyo Olympics: The challenges of training in a Covid pandemic - BBC News,Tokyo Olympics: The challenges of training in a Co
411,https://www.bbc.com/news/world-asia-india-56843230,1075,True,117,Varanasi: The viral picture that defines India's Covid distress - BBC News,Varanasi: The viral picture that defines India's C
412,https://www.bbc.com/news/world-asia-india-56799303,1613,True,114,Covid in Uttar Pradesh: Coronavirus overwhelms India's most populous state - BBC News,Covid in Uttar Pradesh: Coronavirus overwhelms Ind
413,https://www.bbc.com/news/correspondents/soutikbiswas?intlink_from_url=&link_location=live-reporting-undefined,328,True,120,Soutik Biswas | BBC News,Soutik Biswas | BBC News
414,https://www.bbc.com/news/world-asia-56871694,556,True,108,"Indonesian submarine sank off Bali, navy says - BBC News","Indonesian submarine sank off Bali, navy says - BB"
415,https://www.bbc.com/news/world-asia-56851487,817,False,107,Indonesia submarine search feared to have failed as oxygen runs out - BBC News,Indonesia submarine search feared to have failed a
416,https://www.bbc.com/news/live/world-asia-47639453/page/2,1411,True,245,Asia news stream - BBC News,Asia news stream - BBC News
417,https://www.bbc.com/news/live/world-asia-47639453/page/50,1217,True,248,Asia news stream - BBC News,Asia news stream - BBC News
418,https://www.bbc.com/news/world/australia#skip-to-content,1862,True,335,Australia - BBC News,Australia - BBC News
419,https://www.bbc.com/news/world/australia#orb-footer,1862,True,335,Australia - BBC News,Australia - BBC News
420,https://www.bbc.com/news/world/australia#core-navigation,1862,True,335,Australia - BBC News,Australia - BBC News
421,https://www.bbc.com/news/world-australia-56854558,842,True,116,Australia resists calls for tougher climate targets - BBC News,Australia resists calls for tougher climate target
422,https://www.bbc.com/news/world-australia-56741961,430,False,120,Torres Strait 8: Australian Islanders in landmark climate fight - BBC News,Torres Strait 8: Australian Islanders in landmark 
423,https://www.bbc.com/news/world-australia-50869565,1152,True,126,What is Australia doing to tackle climate change? - BBC News,What is Australia doing to tackle climate change? 
424,https://www.bbc.com/news/world-australia-55791319,828,False,118,Heatwave sweeps Australian cities and raises bushfire danger - BBC News,Heatwave sweeps Australian cities and raises bushf
425,https://www.bbc.com/news/world-australia-56840299,845,True,115,Australia provokes China anger over scrapped deals - BBC News,Australia provokes China anger over scrapped deals
426,https://www.bbc.com/news/world-australia-56798218,441,False,123,"Surfer reunited with big wave board discovered 2,700km away - BBC News","Surfer reunited with big wave board discovered 2,7"
427,https://www.bbc.com/news/world-australia-56804864,1279,True,131,Australia ditches milkshake sex education video amid furore - BBC News,Australia ditches milkshake sex education video am
428,https://www.bbc.com/news/world-australia-55851074,1555,False,115,Celebrities in Australia anger stranded citizens over 'double standard' - BBC News,Celebrities in Australia anger stranded citizens o
429,https://www.bbc.com/news/science-environment-56606898,450,False,120,World’s largest ocean monitoring system BRUVS launched - BBC News,World’s largest ocean monitoring system BRUVS laun
430,https://www.bbc.com/news/world-australia-56438893,424,False,126,"Melbourne to Cairns: Meet the Australian skateboarding an 'insane' 4,000km - BBC News",Melbourne to Cairns: Meet the Australian skateboar
431,https://www.bbc.com/news/world-australia-56452910,422,False,126,Lord Howe Island: Saving an Australian paradise's 'cloud forest' - BBC News,Lord Howe Island: Saving an Australian paradise's 
432,https://www.bbc.com/news/world-australia-56708296,419,True,123,Sydney remembers Prince Philip: ‘We feel more connected now’ - BBC News,Sydney remembers Prince Philip: ‘We feel more conn
433,https://www.bbc.com/news/science-environment-56690950,436,False,117,Saving green turtles... by cooling their eggs - BBC News,Saving green turtles... by cooling their eggs - BB
434,https://www.bbc.com/news/world-australia-56589709,444,False,129,Rapper reptiles: Alligators make a splash at new home - BBC News,Rapper reptiles: Alligators make a splash at new h
435,https://www.bbc.com/news/world-56498609,375,False,111,Australia floods: Stranded bride airlifted to wedding - BBC News,Australia floods: Stranded bride airlifted to wedd
436,https://www.bbc.com/news/world-australia-55991061,415,False,126,The dogs helping endangered Tasmanian devils find a mate - BBC News,The dogs helping endangered Tasmanian devils find 
437,https://www.bbc.com/news/business-56796943,1324,True,123,Is the Australia-NZ travel bubble the way ahead? - BBC News,Is the Australia-NZ travel bubble the way ahead? -
438,https://www.bbc.com/news/world-asia-56811375,775,False,115,New Zealand airport worker tests positive day after bubble opens - BBC News,New Zealand airport worker tests positive day afte
439,https://www.bbc.com/news/world-australia-56798393,432,False,121,Australia New Zealand bubble: Emotional families reunite as quarantine-free travel begins - BBC News,Australia New Zealand bubble: Emotional families r
440,https://www.bbc.com/news/world-australia-56796679,1187,True,116,Australia opens travel bubble with New Zealand - BBC News,Australia opens travel bubble with New Zealand - B
441,https://www.bbc.com/news/world-australia-56796681,832,False,115,Byron Bay: Calls for Netflix boycott over reality show plans - BBC News,Byron Bay: Calls for Netflix boycott over reality 
442,https://www.bbc.com/news/world-australia-56765408,508,False,123,These teenage climate activists are pushing for change in Australia - BBC News,These teenage climate activists are pushing for ch
443,https://www.bbc.com/news/world-australia-56728328,1517,True,119,Why Aboriginal people are still dying in police custody - BBC News,Why Aboriginal people are still dying in police cu
444,https://www.bbc.com/news/world-australia-56754868,1275,True,125,Why Australia is in hysterics over a 'navy twerking' dance - BBC News,Why Australia is in hysterics over a 'navy twerkin
445,https://www.bbc.com/news/world-australia-56741571,1034,False,120,Neighbours: Actress Sharon Johal also alleges racism on soap - BBC News,Neighbours: Actress Sharon Johal also alleges raci
446,https://www.bbc.com/news/world-australia-56707977,797,False,117,Cyclone Seroja: Storm leaves trail of damage in Western Australia - BBC News,Cyclone Seroja: Storm leaves trail of damage in We
447,https://www.bbc.com/news/world-australia-56713585,438,False,126,Cyclone Seroja: Fast-moving cyclone lashes Western Australia - BBC News,Cyclone Seroja: Fast-moving cyclone lashes Western
448,https://www.bbc.com/news/live/world-australia-47556752/page/2,1265,True,259,Australia news stream - BBC News,Australia news stream - BBC News
449,https://www.bbc.com/news/live/world-australia-47556752/page/50,1195,True,263,Australia news stream - BBC News,Australia news stream - BBC News
450,https://www.bbc.com/news/world/europe#skip-to-content,1749,True,345,Europe - BBC News,Europe - BBC News
451,https://www.bbc.com/news/world/europe#orb-footer,1749,True,345,Europe - BBC News,Europe - BBC News
452,https://www.bbc.com/news/world/europe#core-navigation,1749,True,345,Europe - BBC News,Europe - BBC News
453,https://www.bbc.com/news/world-europe-56858865,703,False,114,Putin opponent Navalny ends hunger strike in Russian jail - BBC News,Putin opponent Navalny ends hunger strike in Russi
454,https://www.bbc.com/news/world-europe-56858863,860,False,111,German gymnasts' outfits take on sexualisation in sport - BBC News,German gymnasts' outfits take on sexualisation in 
455,https://www.bbc.com/news/world-europe-56862436,1159,True,115,French police station stabbing: Terror inquiry into Rambouillet knife attack - BBC News,French police station stabbing: Terror inquiry int
456,https://www.bbc.com/news/world-europe-56829369,1274,True,123,Why holidays in Majorca could decide who runs Germany - BBC News,Why holidays in Majorca could decide who runs Germ
457,https://www.bbc.com/news/world-europe-56845662,581,True,132,European Super League: Why were there no teams from Germany? - BBC News,European Super League: Why were there no teams fro
458,https://www.bbc.com/news/world-europe-56839890,440,False,129,Alexei Navalny: Police detain hundreds of protesters across Russia - BBC News,Alexei Navalny: Police detain hundreds of proteste
459,https://www.bbc.com/news/world-europe-56834143,405,False,126,Navigating a mini Suez Canal in France - BBC News,Navigating a mini Suez Canal in France - BBC News
460,https://www.bbc.com/news/world-europe-56808468,545,True,135,'I would like Russia to be more free' - BBC News,'I would like Russia to be more free' - BBC News
461,https://www.bbc.com/news/world-51235105,3326,True,106,"Covid map: Coronavirus cases, deaths, vaccinations by country - BBC News","Covid map: Coronavirus cases, deaths, vaccinations"
462,https://www.bbc.com/news/live/world-europe-47539593/page/2,1828,True,264,Europe news stream - BBC News,Europe news stream - BBC News
463,https://www.bbc.com/news/live/world-europe-47539593/page/50,1479,True,259,Europe news stream - BBC News,Europe news stream - BBC News
464,https://www.bbc.com/news/world/latin_america#skip-to-content,1830,True,351,Latin America & Caribbean - BBC News,Latin America & Caribbean - BBC News
465,https://www.bbc.com/news/world/latin_america#orb-footer,1830,True,351,Latin America & Caribbean - BBC News,Latin America & Caribbean - BBC News
466,https://www.bbc.com/news/world/latin_america#core-navigation,1830,True,351,Latin America & Caribbean - BBC News,Latin America & Caribbean - BBC News
467,https://www.bbc.com/news/science-environment-51300515,6117,True,188,"Amazon under threat: Fires, loggers and now virus - BBC News","Amazon under threat: Fires, loggers and now virus "
468,https://www.bbc.com/news/world-latin-america-56854273,639,False,113,Three abducted Catholic clergy released in Haiti - BBC News,Three abducted Catholic clergy released in Haiti -
469,https://www.bbc.com/news/england/tyne_and_wear,2080,True,341,Tyne & Wear - BBC News,Tyne & Wear - BBC News
470,https://www.bbc.com/news/world-latin-america-56843269,693,True,112,Brazil crime: One of world's biggest arms traffickers recaptured - BBC News,Brazil crime: One of world's biggest arms traffick
471,https://www.bbc.com/news/world-56844149,690,True,115,Coronavirus: Pfizer confirms fake versions of vaccine in Poland and Mexico - BBC News,Coronavirus: Pfizer confirms fake versions of vacc
472,https://www.bbc.com/news/world-latin-america-56814501,792,True,114,Mexico cartel used explosive drones to attack police - BBC News,Mexico cartel used explosive drones to attack poli
473,https://www.bbc.com/news/world-latin-america-56740670,1212,False,117,Redonda: The Caribbean island transformed into an eco haven - BBC News,Redonda: The Caribbean island transformed into an 
474,https://www.bbc.com/news/world-latin-america-56765150,1334,True,121,Covid in Brazil: Hunger worsens in city slums - BBC News,Covid in Brazil: Hunger worsens in city slums - BB
475,https://www.bbc.com/news/entertainment-arts-56773788,521,False,115,World Press Photo: ‘Finding love even in the most dark hour’ - BBC News,World Press Photo: ‘Finding love even in the most 
476,https://www.bbc.com/news/world-latin-america-56748983,366,False,111,Coronavirus: The babies and children in Brazil's Covid ICU - BBC News,Coronavirus: The babies and children in Brazil's C
477,https://www.bbc.com/news/world-latin-america-56746228,478,False,129,St Vincent volcano: Island covered in layer of grey as La Soufriere erupts - BBC News,St Vincent volcano: Island covered in layer of gre
478,https://www.bbc.com/news/world-latin-america-56704752,504,False,130,Ash falls like snow after St Vincent volcano eruption - BBC News,Ash falls like snow after St Vincent volcano erupt
479,https://www.bbc.com/news/world-latin-america-56816180,842,True,118,Brazil Amazon: Celebrities urge Biden to refuse deal with Bolsonaro - BBC News,Brazil Amazon: Celebrities urge Biden to refuse de
480,https://www.bbc.com/news/entertainment-arts-56818967,836,False,111,Dame Floella Benjamin's youth to become 'uplifting' stage musical - BBC News,Dame Floella Benjamin's youth to become 'uplifting
481,https://www.bbc.com/news/world-latin-america-56814495,988,True,119,UN to provide food to Venezuela children amid crisis - BBC News,UN to provide food to Venezuela children amid cris
482,https://www.bbc.com/news/world-latin-america-56814655,646,False,114,New species of dinosaur unearthed in Chile's Atacama desert - BBC News,New species of dinosaur unearthed in Chile's Ataca
483,https://www.bbc.com/news/world-latin-america-56810672,676,False,125,Big rise in numbers of migrant children on Mexico-US border - BBC News,Big rise in numbers of migrant children on Mexico-
484,https://www.bbc.com/news/world-latin-america-56802129,1075,True,116,Cuba leadership: Díaz-Canel named Communist Party chief - BBC News,Cuba leadership: Díaz-Canel named Communist Party 
485,https://www.bbc.com/news/world/middle_east#skip-to-content,2244,True,342,Middle East - BBC News,Middle East - BBC News
486,https://www.bbc.com/news/world/middle_east#orb-footer,2244,True,342,Middle East - BBC News,Middle East - BBC News
487,https://www.bbc.com/news/world/middle_east#core-navigation,2244,True,342,Middle East - BBC News,Middle East - BBC News
488,https://www.bbc.com/news/world-middle-east-53540022,440,False,123,Coronavirus: 'I killed my mother with my own hands' - BBC News,Coronavirus: 'I killed my mother with my own hands
489,https://www.bbc.com/news/world-middle-east-56854275,702,False,111,East Jerusalem clashes leave over 100 injured - BBC News,East Jerusalem clashes leave over 100 injured - BB
490,https://www.bbc.com/news/world-middle-east-56842718,2348,True,119,Palestinian election: Leaders face reckoning as rare vote looms - BBC News,Palestinian election: Leaders face reckoning as ra
491,https://www.bbc.com/news/world-middle-east-56842506,1330,True,112,Stranded sailor allowed to leave abandoned ship after four years - BBC News,Stranded sailor allowed to leave abandoned ship af
492,https://www.bbc.com/news/world-middle-east-56842502,936,False,115,Syrian air-defence missile lands near Israeli nuclear site - BBC News,Syrian air-defence missile lands near Israeli nucl
493,https://www.bbc.com/news/world-europe-56845041,839,True,122,Sarah Halimi: Frenchwoman's sister seeks trial in Israel over killing - BBC News,Sarah Halimi: Frenchwoman's sister seeks trial in 
494,https://www.bbc.com/news/world-middle-east-56842712,733,False,117,AI unlocks ancient Dead Sea Scrolls mystery - BBC News,AI unlocks ancient Dead Sea Scrolls mystery - BBC 
495,https://www.bbc.com/news/world-middle-east-56791930,962,True,115,Syria to hold election in May after years of war - BBC News,Syria to hold election in May after years of war -
496,https://www.bbc.com/news/world-middle-east-56817706,952,True,119,Middle East states top Amnesty list of executioners in 2020 - BBC News,Middle East states top Amnesty list of executioner
497,https://www.bbc.com/news/world-africa-56773817,426,False,126,"Handcuffed, blindfolded and beaten on Libya's front line - BBC News","Handcuffed, blindfolded and beaten on Libya's fron"
498,https://www.bbc.com/news/world-middle-east-56724039,1595,True,113,Iran and Israel's shadow war takes a dangerous turn - BBC News,Iran and Israel's shadow war takes a dangerous tur
499,https://www.bbc.com/news/world-middle-east-56722181,1140,False,122,Iran nuclear attack: Mystery surrounds nuclear sabotage at Natanz - BBC News,Iran nuclear attack: Mystery surrounds nuclear sab
500,https://www.bbc.com/news/world-middle-east-56654108,1093,True,116,Jordan crisis: How Prince Hamzah and Saudi Arabia fit in - BBC News,Jordan crisis: How Prince Hamzah and Saudi Arabia 
